{"cameraMode":{"drawMode":0,"name":"Shaded","section":"Shading Mode"},"sceneLighting":true,"audioPlay":false,"sceneViewState":{"m_AlwaysRefresh":false,"showFog":true,"showSkybox":false,"showFlares":true,"showImageEffects":true,"showParticleSystems":true,"showVisualEffectGraphs":true,"m_FxEnabled":true},"in2DMode":false,"pivot":{"x":-0.5658026933670044,"y":0.40145576000213625,"z":-0.1289050579071045},"rotation":{"x":-0.16658949851989747,"y":0.29997819662094118,"z":-0.05328913405537605,"w":-0.937773585319519},"size":1.7417103052139283,"orthographic":false}